{
  "default_rate": 0.1853,
  "logistic": {
    "auc": 0.8757924402866621,
    "precision": 0.7377049180327869,
    "recall": 0.5831533477321814,
    "f1": 0.6513872135102533,
    "ks": 0.6015961727480064,
    "gini": 0.7515848805733243
  },
  "xgboost": {
    "auc": 0.8719668847699842,
    "precision": 0.7356948228882834,
    "recall": 0.5831533477321814,
    "f1": 0.6506024096385542,
    "ks": 0.5918700583482039,
    "gini": 0.7439337695399684,
    "threshold": 0.645
  },
  "optuna_best_value": 0.8511645021135301
}